Workbook

Sheet Données de départ
A1: ID_Commande | B1: Pays_Destination | C1: Transporteur | D1: Date_Expedition | E1: Date_Livraison_Prevue | F1: Date_Livraison_Reelle | G1: Valeur_Commande | H1: Nombre jour de retard | I1: Penalités | J1: Statue de livraison
A2: CMD-001 | B2: France | C2: DHL | D2: 46143 | E2: 46147 | F2: 46146 | G2: 12500 | H2: =IF(E2>F2,0,F2-E2) -> 0 | I2: {=H2 * XLOOKUP(C:C,'Données de Référence'!A:A,'Données de Référence'!B:B)} -> 0 | J2: =IF(H2>0,"Retard","A Temps") -> A Temps
A3: CMD-002 | B3: Allemagne | C3: FedEx | D3: 46143 | E3: 46146 | F3: 46148 | G3: 8400 | H3: =IF(E3>F3,0,F3-E3) -> 2 | I3: {=H3 * XLOOKUP(C:C,'Données de Référence'!A:A,'Données de Référence'!B:B)} -> 400 | J3: =IF(H3>0,"Retard","A Temps") -> Retard
A4: CMD-003 | B4: Espagne | C4: DHL | D4: 46144 | E4: 46149 | F4: 46149 | G4: 21000 | H4: =IF(E4>F4,0,F4-E4) -> 0 | I4: {=H4 * XLOOKUP(C:C,'Données de Référence'!A:A,'Données de Référence'!B:B)} -> 0 | J4: =IF(H4>0,"Retard","A Temps") -> A Temps
A5: CMD-004 | B5: France | C5: UPS | D5: 46145 | E5: 46148 | F5: 46151 | G5: 4500 | H5: =IF(E5>F5,0,F5-E5) -> 3 | I5: {=H5 * XLOOKUP(C:C,'Données de Référence'!A:A,'Données de Référence'!B:B)} -> 540 | J5: =IF(H5>0,"Retard","A Temps") -> Retard
A6: CMD-005 | B6: Italie | C6: FedEx | D6: 46146 | E6: 46150 | F6: 46150 | G6: 16200 | H6: =IF(E6>F6,0,F6-E6) -> 0 | I6: {=H6 * XLOOKUP(C:C,'Données de Référence'!A:A,'Données de Référence'!B:B)} -> 0 | J6: =IF(H6>0,"Retard","A Temps") -> A Temps
A7: CMD-006 | B7: Allemagne | C7: UPS | D7: 46147 | E7: 46150 | F7: 46154 | G7: 31000 | H7: =IF(E7>F7,0,F7-E7) -> 4 | I7: {=H7 * XLOOKUP(C:C,'Données de Référence'!A:A,'Données de Référence'!B:B)} -> 720 | J7: =IF(H7>0,"Retard","A Temps") -> Retard
A8: CMD-007 | B8: France | C8: DHL | D8: 46148 | E8: 46153 | F8: 46152 | G8: 9800 | H8: =IF(E8>F8,0,F8-E8) -> 0 | I8: {=H8 * XLOOKUP(C:C,'Données de Référence'!A:A,'Données de Référence'!B:B)} -> 0 | J8: =IF(H8>0,"Retard","A Temps") -> A Temps
A9: CMD-008 | B9: Espagne | C9: FedEx | D9: 46149 | E9: 46154 | F9: 46157 | G9: 11500 | H9: =IF(E9>F9,0,F9-E9) -> 3 | I9: {=H9 * XLOOKUP(C:C,'Données de Référence'!A:A,'Données de Référence'!B:B)} -> 600 | J9: =IF(H9>0,"Retard","A Temps") -> Retard
A10: CMD-009 | B10: Italie | C10: UPS | D10: 46150 | E10: 46155 | F10: 46155 | G10: 7200 | H10: =IF(E10>F10,0,F10-E10) -> 0 | I10: {=H10 * XLOOKUP(C:C,'Données de Référence'!A:A,'Données de Référence'!B:B)} -> 0 | J10: =IF(H10>0,"Retard","A Temps") -> A Temps
A11: CMD-010 | B11: Allemagne | C11: DHL | D11: 46151 | E11: 46155 | F11: 46154 | G11: 18500 | H11: =IF(E11>F11,0,F11-E11) -> 0 | I11: {=H11 * XLOOKUP(C:C,'Données de Référence'!A:A,'Données de Référence'!B:B)} -> 0 | J11: =IF(H11>0,"Retard","A Temps") -> A Temps

Sheet Tableau croisé dynamique 2

Sheet Données de Référence
A1: Transporteur | B1: Penalite_Jour_Retard
A2: DHL | B2: 150
A3: FedEx | B3: 200
A4: UPS | B4: 180
